"Time","NERSC-Perlmutter-CPU"
2025-09-15 14:00:00,
2025-09-15 14:30:00,
2025-09-15 15:00:00,
2025-09-15 15:30:00,
2025-09-15 16:00:00,
2025-09-15 16:30:00,
2025-09-15 17:00:00,
2025-09-15 17:30:00,
2025-09-15 18:00:00,
2025-09-15 18:30:00,
2025-09-15 19:00:00,
2025-09-15 19:30:00,
2025-09-15 20:00:00,
2025-09-15 20:30:00,
2025-09-15 21:00:00,
2025-09-15 21:30:00,
2025-09-15 22:00:00,
2025-09-15 22:30:00,
2025-09-15 23:00:00,
2025-09-15 23:30:00,
2025-09-16 00:00:00,
2025-09-16 00:30:00,
2025-09-16 01:00:00,
2025-09-16 01:30:00,
2025-09-16 02:00:00,
2025-09-16 02:30:00,
2025-09-16 03:00:00,
2025-09-16 03:30:00,
2025-09-16 04:00:00,
2025-09-16 04:30:00,
2025-09-16 05:00:00,
2025-09-16 05:30:00,
2025-09-16 06:00:00,
2025-09-16 06:30:00,
2025-09-16 07:00:00,
2025-09-16 07:30:00,
2025-09-16 08:00:00,
2025-09-16 08:30:00,
2025-09-16 09:00:00,
2025-09-16 09:30:00,
2025-09-16 10:00:00,
2025-09-16 10:30:00,
2025-09-16 11:00:00,
2025-09-16 11:30:00,
2025-09-16 12:00:00,
2025-09-16 12:30:00,
2025-09-16 13:00:00,
2025-09-16 13:30:00,
2025-09-16 14:00:00,
2025-09-16 14:30:00,
2025-09-16 15:00:00,
2025-09-16 15:30:00,
2025-09-16 16:00:00,
2025-09-16 16:30:00,
2025-09-16 17:00:00,
2025-09-16 17:30:00,
2025-09-16 18:00:00,
2025-09-16 18:30:00,
2025-09-16 19:00:00,
2025-09-16 19:30:00,
2025-09-16 20:00:00,
2025-09-16 20:30:00,
2025-09-16 21:00:00,
2025-09-16 21:30:00,
2025-09-16 22:00:00,
2025-09-16 22:30:00,
2025-09-16 23:00:00,
2025-09-16 23:30:00,
2025-09-17 00:00:00,
2025-09-17 00:30:00,
2025-09-17 01:00:00,
2025-09-17 01:30:00,
2025-09-17 02:00:00,
2025-09-17 02:30:00,
2025-09-17 03:00:00,
2025-09-17 03:30:00,
2025-09-17 04:00:00,
2025-09-17 04:30:00,
2025-09-17 05:00:00,
2025-09-17 05:30:00,
2025-09-17 06:00:00,
2025-09-17 06:30:00,
2025-09-17 07:00:00,
2025-09-17 07:30:00,
2025-09-17 08:00:00,
2025-09-17 08:30:00,
2025-09-17 09:00:00,
2025-09-17 09:30:00,
2025-09-17 10:00:00,
2025-09-17 10:30:00,
2025-09-17 11:00:00,
2025-09-17 11:30:00,
2025-09-17 12:00:00,
2025-09-17 12:30:00,
2025-09-17 13:00:00,
2025-09-17 13:30:00,
2025-09-17 14:00:00,
2025-09-17 14:30:00,
2025-09-17 15:00:00,
2025-09-17 15:30:00,
2025-09-17 16:00:00,
2025-09-17 16:30:00,
2025-09-17 17:00:00,1
2025-09-17 17:30:00,
2025-09-17 18:00:00,
2025-09-17 18:30:00,
2025-09-17 19:00:00,
2025-09-17 19:30:00,
2025-09-17 20:00:00,
2025-09-17 20:30:00,
2025-09-17 21:00:00,
2025-09-17 21:30:00,
2025-09-17 22:00:00,
2025-09-17 22:30:00,
2025-09-17 23:00:00,
2025-09-17 23:30:00,
2025-09-18 00:00:00,
2025-09-18 00:30:00,
2025-09-18 01:00:00,
2025-09-18 01:30:00,
2025-09-18 02:00:00,
2025-09-18 02:30:00,
2025-09-18 03:00:00,
2025-09-18 03:30:00,
2025-09-18 04:00:00,
2025-09-18 04:30:00,
2025-09-18 05:00:00,
2025-09-18 05:30:00,
2025-09-18 06:00:00,
2025-09-18 06:30:00,
2025-09-18 07:00:00,
2025-09-18 07:30:00,
2025-09-18 08:00:00,
2025-09-18 08:30:00,
2025-09-18 09:00:00,
2025-09-18 09:30:00,
2025-09-18 10:00:00,
2025-09-18 10:30:00,
2025-09-18 11:00:00,
2025-09-18 11:30:00,
2025-09-18 12:00:00,
2025-09-18 12:30:00,
2025-09-18 13:00:00,
2025-09-18 13:30:00,
2025-09-18 14:00:00,
2025-09-18 14:30:00,
2025-09-18 15:00:00,
2025-09-18 15:30:00,
2025-09-18 16:00:00,
2025-09-18 16:30:00,
2025-09-18 17:00:00,
2025-09-18 17:30:00,
2025-09-18 18:00:00,
2025-09-18 18:30:00,
2025-09-18 19:00:00,
2025-09-18 19:30:00,
2025-09-18 20:00:00,
2025-09-18 20:30:00,
2025-09-18 21:00:00,
2025-09-18 21:30:00,
2025-09-18 22:00:00,
2025-09-18 22:30:00,
2025-09-18 23:00:00,
2025-09-18 23:30:00,
2025-09-19 00:00:00,
2025-09-19 00:30:00,
2025-09-19 01:00:00,
2025-09-19 01:30:00,
2025-09-19 02:00:00,
2025-09-19 02:30:00,
2025-09-19 03:00:00,
2025-09-19 03:30:00,2
2025-09-19 04:00:00,34.8
2025-09-19 04:30:00,58
2025-09-19 05:00:00,58
2025-09-19 05:30:00,58
2025-09-19 06:00:00,58
2025-09-19 06:30:00,58
2025-09-19 07:00:00,58
2025-09-19 07:30:00,58
2025-09-19 08:00:00,58
2025-09-19 08:30:00,58
2025-09-19 09:00:00,58
2025-09-19 09:30:00,58
2025-09-19 10:00:00,58
2025-09-19 10:30:00,58
2025-09-19 11:00:00,58
2025-09-19 11:30:00,58
2025-09-19 12:00:00,58
2025-09-19 12:30:00,58
2025-09-19 13:00:00,58
2025-09-19 13:30:00,58
2025-09-19 14:00:00,63.8
2025-09-19 14:30:00,148
2025-09-19 15:00:00,174
2025-09-19 15:30:00,174
2025-09-19 16:00:00,174
2025-09-19 16:30:00,174
2025-09-19 17:00:00,174
2025-09-19 17:30:00,174
2025-09-19 18:00:00,174
2025-09-19 18:30:00,174
2025-09-19 19:00:00,174
2025-09-19 19:30:00,174
2025-09-19 20:00:00,174
2025-09-19 20:30:00,173
2025-09-19 21:00:00,174
2025-09-19 21:30:00,174
2025-09-19 22:00:00,174
2025-09-19 22:30:00,174
2025-09-19 23:00:00,174
2025-09-19 23:30:00,174
2025-09-20 00:00:00,174
2025-09-20 00:30:00,171
2025-09-20 01:00:00,174
2025-09-20 01:30:00,174
2025-09-20 02:00:00,174
2025-09-20 02:30:00,174
2025-09-20 03:00:00,174
2025-09-20 03:30:00,174
2025-09-20 04:00:00,174
2025-09-20 04:30:00,174
2025-09-20 05:00:00,174
2025-09-20 05:30:00,174
2025-09-20 06:00:00,174
2025-09-20 06:30:00,152
2025-09-20 07:00:00,125
2025-09-20 07:30:00,118
2025-09-20 08:00:00,117
2025-09-20 08:30:00,116
2025-09-20 09:00:00,116
2025-09-20 09:30:00,116
2025-09-20 10:00:00,116
2025-09-20 10:30:00,114
2025-09-20 11:00:00,144
2025-09-20 11:30:00,174
2025-09-20 12:00:00,174
2025-09-20 12:30:00,174
2025-09-20 13:00:00,174
2025-09-20 13:30:00,174
2025-09-20 14:00:00,174
2025-09-20 14:30:00,174
2025-09-20 15:00:00,193
2025-09-20 15:30:00,232
2025-09-20 16:00:00,232
2025-09-20 16:30:00,232
2025-09-20 17:00:00,232
2025-09-20 17:30:00,232
2025-09-20 18:00:00,232
2025-09-20 18:30:00,232
2025-09-20 19:00:00,232
2025-09-20 19:30:00,232
2025-09-20 20:00:00,229
2025-09-20 20:30:00,147
2025-09-20 21:00:00,115
2025-09-20 21:30:00,116
2025-09-20 22:00:00,116
2025-09-20 22:30:00,116
2025-09-20 23:00:00,116
2025-09-20 23:30:00,125
2025-09-21 00:00:00,222
2025-09-21 00:30:00,232
2025-09-21 01:00:00,231
2025-09-21 01:30:00,232
2025-09-21 02:00:00,256
2025-09-21 02:30:00,290
2025-09-21 03:00:00,290
2025-09-21 03:30:00,290
2025-09-21 04:00:00,290
2025-09-21 04:30:00,290
2025-09-21 05:00:00,290
2025-09-21 05:30:00,290
2025-09-21 06:00:00,290
2025-09-21 06:30:00,290
2025-09-21 07:00:00,289
2025-09-21 07:30:00,290
2025-09-21 08:00:00,290
2025-09-21 08:30:00,290
2025-09-21 09:00:00,290
2025-09-21 09:30:00,290
2025-09-21 10:00:00,288
2025-09-21 10:30:00,290
2025-09-21 11:00:00,288
2025-09-21 11:30:00,290
2025-09-21 12:00:00,289
2025-09-21 12:30:00,290
2025-09-21 13:00:00,290
2025-09-21 13:30:00,290
2025-09-21 14:00:00,290
2025-09-21 14:30:00,290
2025-09-21 15:00:00,290
2025-09-21 15:30:00,290
2025-09-21 16:00:00,290
2025-09-21 16:30:00,290
2025-09-21 17:00:00,260
2025-09-21 17:30:00,232
2025-09-21 18:00:00,232
2025-09-21 18:30:00,232
2025-09-21 19:00:00,232
2025-09-21 19:30:00,232
2025-09-21 20:00:00,229
2025-09-21 20:30:00,231
2025-09-21 21:00:00,187
2025-09-21 21:30:00,174
2025-09-21 22:00:00,173
2025-09-21 22:30:00,174
2025-09-21 23:00:00,174
2025-09-21 23:30:00,174
2025-09-22 00:00:00,174
2025-09-22 00:30:00,174
2025-09-22 01:00:00,174
2025-09-22 01:30:00,174
2025-09-22 02:00:00,212
2025-09-22 02:30:00,261
2025-09-22 03:00:00,290
2025-09-22 03:30:00,290
2025-09-22 04:00:00,290
2025-09-22 04:30:00,290
2025-09-22 05:00:00,290
2025-09-22 05:30:00,281
2025-09-22 06:00:00,191
2025-09-22 06:30:00,174
2025-09-22 07:00:00,174
2025-09-22 07:30:00,210
2025-09-22 08:00:00,241
2025-09-22 08:30:00,232
2025-09-22 09:00:00,232
2025-09-22 09:30:00,232
2025-09-22 10:00:00,250
2025-09-22 10:30:00,290
2025-09-22 11:00:00,290
2025-09-22 11:30:00,290
2025-09-22 12:00:00,287
2025-09-22 12:30:00,289
2025-09-22 13:00:00,289
2025-09-22 13:30:00,290
2025-09-22 14:00:00,290
2025-09-22 14:30:00,290
2025-09-22 15:00:00,290
2025-09-22 15:30:00,290
2025-09-22 16:00:00,290
2025-09-22 16:30:00,290
2025-09-22 17:00:00,290
2025-09-22 17:30:00,289
2025-09-22 18:00:00,290
2025-09-22 18:30:00,290
2025-09-22 19:00:00,290
2025-09-22 19:30:00,290
2025-09-22 20:00:00,289
2025-09-22 20:30:00,290
2025-09-22 21:00:00,290
2025-09-22 21:30:00,290
2025-09-22 22:00:00,289
2025-09-22 22:30:00,289
2025-09-22 23:00:00,290
2025-09-22 23:30:00,290
2025-09-23 00:00:00,290
2025-09-23 00:30:00,290
2025-09-23 01:00:00,290
2025-09-23 01:30:00,290
2025-09-23 02:00:00,290
2025-09-23 02:30:00,290
2025-09-23 03:00:00,290
2025-09-23 03:30:00,288
2025-09-23 04:00:00,288
2025-09-23 04:30:00,290
2025-09-23 05:00:00,290
2025-09-23 05:30:00,290
2025-09-23 06:00:00,289
2025-09-23 06:30:00,290
2025-09-23 07:00:00,290
2025-09-23 07:30:00,290
2025-09-23 08:00:00,252
2025-09-23 08:30:00,212
2025-09-23 09:00:00,175
2025-09-23 09:30:00,174
2025-09-23 10:00:00,174
2025-09-23 10:30:00,174
2025-09-23 11:00:00,174
2025-09-23 11:30:00,174
2025-09-23 12:00:00,174
2025-09-23 12:30:00,222
2025-09-23 13:00:00,227
2025-09-23 13:30:00,186
2025-09-23 14:00:00,176
2025-09-23 14:30:00,174
2025-09-23 15:00:00,174
2025-09-23 15:30:00,173
2025-09-23 16:00:00,125
2025-09-23 16:30:00,116
2025-09-23 17:00:00,116
2025-09-23 17:30:00,116
2025-09-23 18:00:00,116
2025-09-23 18:30:00,116
2025-09-23 19:00:00,116
2025-09-23 19:30:00,116
2025-09-23 20:00:00,116
2025-09-23 20:30:00,116
2025-09-23 21:00:00,116
2025-09-23 21:30:00,116
2025-09-23 22:00:00,116
2025-09-23 22:30:00,115
2025-09-23 23:00:00,153
2025-09-23 23:30:00,230
2025-09-24 00:00:00,232
2025-09-24 00:30:00,232
2025-09-24 01:00:00,232
2025-09-24 01:30:00,232
2025-09-24 02:00:00,232
2025-09-24 02:30:00,232
2025-09-24 03:00:00,232
2025-09-24 03:30:00,269
2025-09-24 04:00:00,290
2025-09-24 04:30:00,290
2025-09-24 05:00:00,290
2025-09-24 05:30:00,290
2025-09-24 06:00:00,290
2025-09-24 06:30:00,290
2025-09-24 07:00:00,290
2025-09-24 07:30:00,290
2025-09-24 08:00:00,290
2025-09-24 08:30:00,287
2025-09-24 09:00:00,289
2025-09-24 09:30:00,286
2025-09-24 10:00:00,290
2025-09-24 10:30:00,290
2025-09-24 11:00:00,290
2025-09-24 11:30:00,290
2025-09-24 12:00:00,290
2025-09-24 12:30:00,290
2025-09-24 13:00:00,290
2025-09-24 13:30:00,274
2025-09-24 14:00:00,651
2025-09-24 14:30:00,796
2025-09-24 15:00:00,796
2025-09-24 15:30:00,796
2025-09-24 16:00:00,796
2025-09-24 16:30:00,796
2025-09-24 17:00:00,796
2025-09-24 17:30:00,850
2025-09-24 18:00:00,995
2025-09-24 18:30:00,995
2025-09-24 19:00:00,995
2025-09-24 19:30:00,995
2025-09-24 20:00:00,995
2025-09-24 20:30:00,995
2025-09-24 21:00:00,995
2025-09-24 21:30:00,995
2025-09-24 22:00:00,995
2025-09-24 22:30:00,995
2025-09-24 23:00:00,995
2025-09-24 23:30:00,995
2025-09-25 00:00:00,995
2025-09-25 00:30:00,989
2025-09-25 01:00:00,983
2025-09-25 01:30:00,983
2025-09-25 02:00:00,983
2025-09-25 02:30:00,983
2025-09-25 03:00:00,983
2025-09-25 03:30:00,983
2025-09-25 04:00:00,983
2025-09-25 04:30:00,983
2025-09-25 05:00:00,983
2025-09-25 05:30:00,983
2025-09-25 06:00:00,983
2025-09-25 06:30:00,984
2025-09-25 07:00:00,983
2025-09-25 07:30:00,983
2025-09-25 08:00:00,983
2025-09-25 08:30:00,983
2025-09-25 09:00:00,983
2025-09-25 09:30:00,983
2025-09-25 10:00:00,983
2025-09-25 10:30:00,983
2025-09-25 11:00:00,983
2025-09-25 11:30:00,983
2025-09-25 12:00:00,338
2025-09-25 12:30:00,199
2025-09-25 13:00:00,199
2025-09-25 13:30:00,194
2025-09-25 14:00:00,194
2025-09-25 14:30:00,197
2025-09-25 15:00:00,
2025-09-25 15:30:00,
2025-09-25 16:00:00,
2025-09-25 16:30:00,
2025-09-25 17:00:00,
2025-09-25 17:30:00,
2025-09-25 18:00:00,
2025-09-25 18:30:00,
2025-09-25 19:00:00,
2025-09-25 19:30:00,
2025-09-25 20:00:00,
2025-09-25 20:30:00,
2025-09-25 21:00:00,
2025-09-25 21:30:00,
2025-09-25 22:00:00,
2025-09-25 22:30:00,
2025-09-25 23:00:00,
2025-09-25 23:30:00,
2025-09-26 00:00:00,
2025-09-26 00:30:00,
2025-09-26 01:00:00,
2025-09-26 01:30:00,
2025-09-26 02:00:00,
2025-09-26 02:30:00,
2025-09-26 03:00:00,
2025-09-26 03:30:00,
2025-09-26 04:00:00,
2025-09-26 04:30:00,
2025-09-26 05:00:00,
2025-09-26 05:30:00,
2025-09-26 06:00:00,169
2025-09-26 06:30:00,393
2025-09-26 07:00:00,398
2025-09-26 07:30:00,398
2025-09-26 08:00:00,398
2025-09-26 08:30:00,398
2025-09-26 09:00:00,398
2025-09-26 09:30:00,445
2025-09-26 10:00:00,596
2025-09-26 10:30:00,748
2025-09-26 11:00:00,796
2025-09-26 11:30:00,796
2025-09-26 12:00:00,796
2025-09-26 12:30:00,796
2025-09-26 13:00:00,796
2025-09-26 13:30:00,796
2025-09-26 14:00:00,796
2025-09-26 14:30:00,940
2025-09-26 15:00:00,995
2025-09-26 15:30:00,995
2025-09-26 16:00:00,995
2025-09-26 16:30:00,995
2025-09-26 17:00:00,976
2025-09-26 17:30:00,977
2025-09-26 18:00:00,995
2025-09-26 18:30:00,995
2025-09-26 19:00:00,995
2025-09-26 19:30:00,995
2025-09-26 20:00:00,995
2025-09-26 20:30:00,984
2025-09-26 21:00:00,988
2025-09-26 21:30:00,992
2025-09-26 22:00:00,995
2025-09-26 22:30:00,995
2025-09-26 23:00:00,995
2025-09-26 23:30:00,995
2025-09-27 00:00:00,995
2025-09-27 00:30:00,995
2025-09-27 01:00:00,992
2025-09-27 01:30:00,989
2025-09-27 02:00:00,995
2025-09-27 02:30:00,995
2025-09-27 03:00:00,995
2025-09-27 03:30:00,994
2025-09-27 04:00:00,986
2025-09-27 04:30:00,992
2025-09-27 05:00:00,995
2025-09-27 05:30:00,995
2025-09-27 06:00:00,995
2025-09-27 06:30:00,995
2025-09-27 07:00:00,995
2025-09-27 07:30:00,989
2025-09-27 08:00:00,990
2025-09-27 08:30:00,994
2025-09-27 09:00:00,995
2025-09-27 09:30:00,995
2025-09-27 10:00:00,995
2025-09-27 10:30:00,995
2025-09-27 11:00:00,995
2025-09-27 11:30:00,995
2025-09-27 12:00:00,988
2025-09-27 12:30:00,993
2025-09-27 13:00:00,995
2025-09-27 13:30:00,995
2025-09-27 14:00:00,993
2025-09-27 14:30:00,917
2025-09-27 15:00:00,695
2025-09-27 15:30:00,597
2025-09-27 16:00:00,597
2025-09-27 16:30:00,597
2025-09-27 17:00:00,679
2025-09-27 17:30:00,939
2025-09-27 18:00:00,962
2025-09-27 18:30:00,789
2025-09-27 19:00:00,653
2025-09-27 19:30:00,597
2025-09-27 20:00:00,597
2025-09-27 20:30:00,597
2025-09-27 21:00:00,597
2025-09-27 21:30:00,597
2025-09-27 22:00:00,816
2025-09-27 22:30:00,976
2025-09-27 23:00:00,831
2025-09-27 23:30:00,796
2025-09-28 00:00:00,796
2025-09-28 00:30:00,796
2025-09-28 01:00:00,796
2025-09-28 01:30:00,796
2025-09-28 02:00:00,796
2025-09-28 02:30:00,796
2025-09-28 03:00:00,796
2025-09-28 03:30:00,796
2025-09-28 04:00:00,783
2025-09-28 04:30:00,709
2025-09-28 05:00:00,691
2025-09-28 05:30:00,691
2025-09-28 06:00:00,691
2025-09-28 06:30:00,691
2025-09-28 07:00:00,691
2025-09-28 07:30:00,691
2025-09-28 08:00:00,691
2025-09-28 08:30:00,691
2025-09-28 09:00:00,402
2025-09-28 09:30:00,293
2025-09-28 10:00:00,293
2025-09-28 10:30:00,293
2025-09-28 11:00:00,293
2025-09-28 11:30:00,293
2025-09-28 12:00:00,293
2025-09-28 12:30:00,293
2025-09-28 13:00:00,293
2025-09-28 13:30:00,293
2025-09-28 14:00:00,290
2025-09-28 14:30:00,206
2025-09-28 15:00:00,69
2025-09-28 15:30:00,
2025-09-28 16:00:00,
2025-09-28 16:30:00,
2025-09-28 17:00:00,
2025-09-28 17:30:00,
2025-09-28 18:00:00,
2025-09-28 18:30:00,
2025-09-28 19:00:00,
2025-09-28 19:30:00,
2025-09-28 20:00:00,
2025-09-28 20:30:00,
2025-09-28 21:00:00,
2025-09-28 21:30:00,69.5
2025-09-28 22:00:00,197
2025-09-28 22:30:00,423
2025-09-28 23:00:00,655
2025-09-28 23:30:00,921
2025-09-29 00:00:00,995
2025-09-29 00:30:00,995
2025-09-29 01:00:00,995
2025-09-29 01:30:00,995
2025-09-29 02:00:00,995
2025-09-29 02:30:00,995
2025-09-29 03:00:00,995
2025-09-29 03:30:00,995
2025-09-29 04:00:00,995
2025-09-29 04:30:00,995
2025-09-29 05:00:00,995
2025-09-29 05:30:00,995
2025-09-29 06:00:00,995
2025-09-29 06:30:00,995
2025-09-29 07:00:00,995
2025-09-29 07:30:00,995
2025-09-29 08:00:00,995
2025-09-29 08:30:00,878
2025-09-29 09:00:00,793
2025-09-29 09:30:00,534
2025-09-29 10:00:00,262
2025-09-29 10:30:00,78
2025-09-29 11:00:00,
2025-09-29 11:30:00,
2025-09-29 12:00:00,
2025-09-29 12:30:00,
2025-09-29 13:00:00,
2025-09-29 13:30:00,
2025-09-29 14:00:00,124
2025-09-29 14:30:00,246
2025-09-29 15:00:00,397
2025-09-29 15:30:00,398
2025-09-29 16:00:00,398
2025-09-29 16:30:00,398
2025-09-29 17:00:00,537
2025-09-29 17:30:00,690
2025-09-29 18:00:00,796
2025-09-29 18:30:00,796
2025-09-29 19:00:00,796
2025-09-29 19:30:00,796
2025-09-29 20:00:00,796
2025-09-29 20:30:00,796
2025-09-29 21:00:00,796
2025-09-29 21:30:00,796
2025-09-29 22:00:00,796
2025-09-29 22:30:00,952
2025-09-29 23:00:00,1193
2025-09-29 23:30:00,1194
2025-09-30 00:00:00,1194
2025-09-30 00:30:00,1194
2025-09-30 01:00:00,1066
2025-09-30 01:30:00,930
2025-09-30 02:00:00,797
2025-09-30 02:30:00,796
2025-09-30 03:00:00,796
2025-09-30 03:30:00,931
2025-09-30 04:00:00,1019
2025-09-30 04:30:00,851
2025-09-30 05:00:00,796
2025-09-30 05:30:00,890
2025-09-30 06:00:00,1184
2025-09-30 06:30:00,1194
2025-09-30 07:00:00,1194
2025-09-30 07:30:00,1226
2025-09-30 08:00:00,1437
2025-09-30 08:30:00,1591
2025-09-30 09:00:00,1618
2025-09-30 09:30:00,1745
2025-09-30 10:00:00,1592
2025-09-30 10:30:00,1636
2025-09-30 11:00:00,1958
2025-09-30 11:30:00,1990
2025-09-30 12:00:00,1990
2025-09-30 12:30:00,1990
2025-09-30 13:00:00,1990
2025-09-30 13:30:00,1990
2025-09-30 14:00:00,1978
2025-09-30 14:30:00,1782
2025-09-30 15:00:00,1594
2025-09-30 15:30:00,1592
2025-09-30 16:00:00,1592
2025-09-30 16:30:00,1488
2025-09-30 17:00:00,1196
2025-09-30 17:30:00,1194
2025-09-30 18:00:00,1194
2025-09-30 18:30:00,1114
2025-09-30 19:00:00,943
2025-09-30 19:30:00,796
2025-09-30 20:00:00,625
2025-09-30 20:30:00,398
2025-09-30 21:00:00,398
2025-09-30 21:30:00,210
2025-09-30 22:00:00,3.50
2025-09-30 22:30:00,
2025-09-30 23:00:00,
2025-09-30 23:30:00,
2025-10-01 00:00:00,
2025-10-01 00:30:00,
2025-10-01 01:00:00,
2025-10-01 01:30:00,
2025-10-01 02:00:00,
2025-10-01 02:30:00,116
2025-10-01 03:00:00,116
2025-10-01 03:30:00,116
2025-10-01 04:00:00,116
2025-10-01 04:30:00,116
2025-10-01 05:00:00,116
2025-10-01 05:30:00,116
2025-10-01 06:00:00,116
2025-10-01 06:30:00,116
2025-10-01 07:00:00,116
2025-10-01 07:30:00,116
2025-10-01 08:00:00,116
2025-10-01 08:30:00,116
2025-10-01 09:00:00,116
2025-10-01 09:30:00,116
2025-10-01 10:00:00,116
2025-10-01 10:30:00,116
2025-10-01 11:00:00,116
2025-10-01 11:30:00,116
2025-10-01 12:00:00,116
2025-10-01 12:30:00,116
2025-10-01 13:00:00,53
2025-10-01 13:30:00,
2025-10-01 14:00:00,
2025-10-01 14:30:00,
2025-10-01 15:00:00,
2025-10-01 15:30:00,
2025-10-01 16:00:00,
2025-10-01 16:30:00,
2025-10-01 17:00:00,
2025-10-01 17:30:00,
2025-10-01 18:00:00,
2025-10-01 18:30:00,
2025-10-01 19:00:00,
2025-10-01 19:30:00,
2025-10-01 20:00:00,158
2025-10-01 20:30:00,383
2025-10-01 21:00:00,398
2025-10-01 21:30:00,398
2025-10-01 22:00:00,398
2025-10-01 22:30:00,398
2025-10-01 23:00:00,398
2025-10-01 23:30:00,398
2025-10-02 00:00:00,398
2025-10-02 00:30:00,398
2025-10-02 01:00:00,398
2025-10-02 01:30:00,398
2025-10-02 02:00:00,398
2025-10-02 02:30:00,592
2025-10-02 03:00:00,789
2025-10-02 03:30:00,796
2025-10-02 04:00:00,796
2025-10-02 04:30:00,796
2025-10-02 05:00:00,796
2025-10-02 05:30:00,796
2025-10-02 06:00:00,847
2025-10-02 06:30:00,1170
2025-10-02 07:00:00,1081
2025-10-02 07:30:00,1179
2025-10-02 08:00:00,1194
2025-10-02 08:30:00,1194
2025-10-02 09:00:00,1225
2025-10-02 09:30:00,1539
2025-10-02 10:00:00,1592
2025-10-02 10:30:00,1592
2025-10-02 11:00:00,1592
2025-10-02 11:30:00,1592
2025-10-02 12:00:00,1592
2025-10-02 12:30:00,1675
2025-10-02 13:00:00,1943
2025-10-02 13:30:00,1942
2025-10-02 14:00:00,1989
2025-10-02 14:30:00,1990
2025-10-02 15:00:00,1990
2025-10-02 15:30:00,1990
2025-10-02 16:00:00,1990
2025-10-02 16:30:00,1990
2025-10-02 17:00:00,1966
2025-10-02 17:30:00,1966
2025-10-02 18:00:00,2303
2025-10-02 18:30:00,2387
2025-10-02 19:00:00,2388
2025-10-02 19:30:00,2387
2025-10-02 20:00:00,2326
2025-10-02 20:30:00,2363
2025-10-02 21:00:00,2387
2025-10-02 21:30:00,2388
2025-10-02 22:00:00,2388
2025-10-02 22:30:00,2388
2025-10-02 23:00:00,2380
2025-10-02 23:30:00,2269
2025-10-03 00:00:00,2357
2025-10-03 00:30:00,2274
2025-10-03 01:00:00,2202
2025-10-03 01:30:00,2202
2025-10-03 02:00:00,2202
2025-10-03 02:30:00,2202
2025-10-03 03:00:00,2202
2025-10-03 03:30:00,2195
2025-10-03 04:00:00,2077
2025-10-03 04:30:00,1428
2025-10-03 05:00:00,1041
2025-10-03 05:30:00,1011
2025-10-03 06:00:00,1011
2025-10-03 06:30:00,970
2025-10-03 07:00:00,736
2025-10-03 07:30:00,616
2025-10-03 08:00:00,613
2025-10-03 08:30:00,612
2025-10-03 09:00:00,610
2025-10-03 09:30:00,602
2025-10-03 10:00:00,473
2025-10-03 10:30:00,105
2025-10-03 11:00:00,1
2025-10-03 11:30:00,
2025-10-03 12:00:00,
2025-10-03 12:30:00,
2025-10-03 13:00:00,
2025-10-03 13:30:00,
2025-10-03 14:00:00,
2025-10-03 14:30:00,
2025-10-03 15:00:00,
2025-10-03 15:30:00,
2025-10-03 16:00:00,
2025-10-03 16:30:00,
2025-10-03 17:00:00,
2025-10-03 17:30:00,
2025-10-03 18:00:00,
2025-10-03 18:30:00,
2025-10-03 19:00:00,
2025-10-03 19:30:00,
2025-10-03 20:00:00,
2025-10-03 20:30:00,
2025-10-03 21:00:00,
2025-10-03 21:30:00,
2025-10-03 22:00:00,
2025-10-03 22:30:00,
2025-10-03 23:00:00,
2025-10-03 23:30:00,
2025-10-04 00:00:00,
2025-10-04 00:30:00,
2025-10-04 01:00:00,
2025-10-04 01:30:00,
2025-10-04 02:00:00,
2025-10-04 02:30:00,
2025-10-04 03:00:00,
2025-10-04 03:30:00,
2025-10-04 04:00:00,
2025-10-04 04:30:00,
2025-10-04 05:00:00,
2025-10-04 05:30:00,
2025-10-04 06:00:00,
2025-10-04 06:30:00,1
2025-10-04 07:00:00,
2025-10-04 07:30:00,
2025-10-04 08:00:00,
2025-10-04 08:30:00,
2025-10-04 09:00:00,
2025-10-04 09:30:00,
2025-10-04 10:00:00,
2025-10-04 10:30:00,
2025-10-04 11:00:00,
2025-10-04 11:30:00,
2025-10-04 12:00:00,
2025-10-04 12:30:00,
2025-10-04 13:00:00,
2025-10-04 13:30:00,
2025-10-04 14:00:00,
2025-10-04 14:30:00,
2025-10-04 15:00:00,
2025-10-04 15:30:00,
2025-10-04 16:00:00,
2025-10-04 16:30:00,
2025-10-04 17:00:00,
2025-10-04 17:30:00,
2025-10-04 18:00:00,
2025-10-04 18:30:00,
2025-10-04 19:00:00,
2025-10-04 19:30:00,
2025-10-04 20:00:00,
2025-10-04 20:30:00,
2025-10-04 21:00:00,
2025-10-04 21:30:00,
2025-10-04 22:00:00,
2025-10-04 22:30:00,
2025-10-04 23:00:00,
2025-10-04 23:30:00,
2025-10-05 00:00:00,
2025-10-05 00:30:00,
2025-10-05 01:00:00,
2025-10-05 01:30:00,
2025-10-05 02:00:00,
2025-10-05 02:30:00,
2025-10-05 03:00:00,
2025-10-05 03:30:00,
2025-10-05 04:00:00,
2025-10-05 04:30:00,
2025-10-05 05:00:00,
2025-10-05 05:30:00,
2025-10-05 06:00:00,
2025-10-05 06:30:00,
2025-10-05 07:00:00,
2025-10-05 07:30:00,
2025-10-05 08:00:00,
2025-10-05 08:30:00,
2025-10-05 09:00:00,
2025-10-05 09:30:00,1
2025-10-05 10:00:00,
2025-10-05 10:30:00,
2025-10-05 11:00:00,
2025-10-05 11:30:00,
2025-10-05 12:00:00,
2025-10-05 12:30:00,
2025-10-05 13:00:00,
2025-10-05 13:30:00,
2025-10-05 14:00:00,
2025-10-05 14:30:00,
2025-10-05 15:00:00,
2025-10-05 15:30:00,
2025-10-05 16:00:00,
2025-10-05 16:30:00,
2025-10-05 17:00:00,
2025-10-05 17:30:00,
2025-10-05 18:00:00,
2025-10-05 18:30:00,
2025-10-05 19:00:00,
2025-10-05 19:30:00,
2025-10-05 20:00:00,
2025-10-05 20:30:00,
2025-10-05 21:00:00,
2025-10-05 21:30:00,
2025-10-05 22:00:00,
2025-10-05 22:30:00,
2025-10-05 23:00:00,
2025-10-05 23:30:00,
2025-10-06 00:00:00,
2025-10-06 00:30:00,
2025-10-06 01:00:00,
2025-10-06 01:30:00,
2025-10-06 02:00:00,
2025-10-06 02:30:00,
2025-10-06 03:00:00,
2025-10-06 03:30:00,
2025-10-06 04:00:00,
2025-10-06 04:30:00,
2025-10-06 05:00:00,
2025-10-06 05:30:00,
2025-10-06 06:00:00,1
2025-10-06 06:30:00,
2025-10-06 07:00:00,
2025-10-06 07:30:00,
2025-10-06 08:00:00,
2025-10-06 08:30:00,
2025-10-06 09:00:00,
2025-10-06 09:30:00,
2025-10-06 10:00:00,
2025-10-06 10:30:00,
2025-10-06 11:00:00,
2025-10-06 11:30:00,
2025-10-06 12:00:00,
2025-10-06 12:30:00,
2025-10-06 13:00:00,
2025-10-06 13:30:00,
2025-10-06 14:00:00,
2025-10-06 14:30:00,
2025-10-06 15:00:00,
2025-10-06 15:30:00,
2025-10-06 16:00:00,
2025-10-06 16:30:00,
2025-10-06 17:00:00,
2025-10-06 17:30:00,
2025-10-06 18:00:00,
2025-10-06 18:30:00,
2025-10-06 19:00:00,
2025-10-06 19:30:00,
2025-10-06 20:00:00,
2025-10-06 20:30:00,
2025-10-06 21:00:00,
2025-10-06 21:30:00,
2025-10-06 22:00:00,
2025-10-06 22:30:00,
2025-10-06 23:00:00,
2025-10-06 23:30:00,
2025-10-07 00:00:00,57.3
2025-10-07 00:30:00,57.7
2025-10-07 01:00:00,58
2025-10-07 01:30:00,57.3
2025-10-07 02:00:00,58
2025-10-07 02:30:00,57.3
2025-10-07 03:00:00,58
2025-10-07 03:30:00,56.3
2025-10-07 04:00:00,58
2025-10-07 04:30:00,
2025-10-07 05:00:00,
2025-10-07 05:30:00,
2025-10-07 06:00:00,
2025-10-07 06:30:00,1
2025-10-07 07:00:00,
2025-10-07 07:30:00,
2025-10-07 08:00:00,
2025-10-07 08:30:00,
2025-10-07 09:00:00,
2025-10-07 09:30:00,
2025-10-07 10:00:00,56.7
2025-10-07 10:30:00,58
2025-10-07 11:00:00,170
2025-10-07 11:30:00,199
2025-10-07 12:00:00,197
2025-10-07 12:30:00,193
2025-10-07 13:00:00,282
2025-10-07 13:30:00,394
2025-10-07 14:00:00,396
2025-10-07 14:30:00,502
2025-10-07 15:00:00,594
2025-10-07 15:30:00,566
2025-10-07 16:00:00,588
2025-10-07 16:30:00,614
2025-10-07 17:00:00,782
2025-10-07 17:30:00,939
2025-10-07 18:00:00,988
2025-10-07 18:30:00,986
2025-10-07 19:00:00,984
2025-10-07 19:30:00,986
2025-10-07 20:00:00,987
2025-10-07 20:30:00,980
2025-10-07 21:00:00,988
2025-10-07 21:30:00,990
2025-10-07 22:00:00,975
2025-10-07 22:30:00,987
2025-10-07 23:00:00,979
2025-10-07 23:30:00,990
2025-10-08 00:00:00,781
2025-10-08 00:30:00,175
2025-10-08 01:00:00,15.7
2025-10-08 01:30:00,
2025-10-08 02:00:00,5
2025-10-08 02:30:00,9
2025-10-08 03:00:00,9
2025-10-08 03:30:00,
2025-10-08 04:00:00,
2025-10-08 04:30:00,
2025-10-08 05:00:00,
2025-10-08 05:30:00,
2025-10-08 06:00:00,
2025-10-08 06:30:00,
2025-10-08 07:00:00,
2025-10-08 07:30:00,
2025-10-08 08:00:00,
2025-10-08 08:30:00,
2025-10-08 09:00:00,
2025-10-08 09:30:00,
2025-10-08 10:00:00,
2025-10-08 10:30:00,
2025-10-08 11:00:00,
2025-10-08 11:30:00,
2025-10-08 12:00:00,
2025-10-08 12:30:00,
2025-10-08 13:00:00,
2025-10-08 13:30:00,
2025-10-08 14:00:00,138
2025-10-08 14:30:00,349
2025-10-08 15:00:00,398
2025-10-08 15:30:00,361
2025-10-08 16:00:00,284
2025-10-08 16:30:00,280
2025-10-08 17:00:00,280
2025-10-08 17:30:00,280
2025-10-08 18:00:00,246
2025-10-08 18:30:00,146
2025-10-08 19:00:00,
2025-10-08 19:30:00,
2025-10-08 20:00:00,
2025-10-08 20:30:00,
2025-10-08 21:00:00,
2025-10-08 21:30:00,
2025-10-08 22:00:00,
2025-10-08 22:30:00,
2025-10-08 23:00:00,
2025-10-08 23:30:00,
2025-10-09 00:00:00,181
2025-10-09 00:30:00,358
2025-10-09 01:00:00,398
2025-10-09 01:30:00,398
2025-10-09 02:00:00,398
2025-10-09 02:30:00,398
2025-10-09 03:00:00,398
2025-10-09 03:30:00,398
2025-10-09 04:00:00,373
2025-10-09 04:30:00,375
2025-10-09 05:00:00,351
2025-10-09 05:30:00,275
2025-10-09 06:00:00,367
2025-10-09 06:30:00,482
2025-10-09 07:00:00,558
2025-10-09 07:30:00,597
2025-10-09 08:00:00,597
2025-10-09 08:30:00,597
2025-10-09 09:00:00,597
2025-10-09 09:30:00,624
2025-10-09 10:00:00,833
2025-10-09 10:30:00,630
2025-10-09 11:00:00,597
2025-10-09 11:30:00,597
2025-10-09 12:00:00,597
2025-10-09 12:30:00,597
2025-10-09 13:00:00,867
2025-10-09 13:30:00,995
2025-10-09 14:00:00,892
2025-10-09 14:30:00,646
2025-10-09 15:00:00,597
2025-10-09 15:30:00,597
2025-10-09 16:00:00,597
2025-10-09 16:30:00,597
2025-10-09 17:00:00,365
2025-10-09 17:30:00,3
2025-10-09 18:00:00,199
2025-10-09 18:30:00,199
2025-10-09 19:00:00,199
2025-10-09 19:30:00,199
2025-10-09 20:00:00,199
2025-10-09 20:30:00,199
2025-10-09 21:00:00,498
2025-10-09 21:30:00,817
2025-10-09 22:00:00,994
2025-10-09 22:30:00,995
2025-10-09 23:00:00,1054
2025-10-09 23:30:00,1193
2025-10-10 00:00:00,1185
2025-10-10 00:30:00,1192
2025-10-10 01:00:00,1193
2025-10-10 01:30:00,1194
2025-10-10 02:00:00,1190
2025-10-10 02:30:00,1194
2025-10-10 03:00:00,1194
2025-10-10 03:30:00,1291
2025-10-10 04:00:00,1439
2025-10-10 04:30:00,1470
2025-10-10 05:00:00,1469
2025-10-10 05:30:00,1471
2025-10-10 06:00:00,1587
2025-10-10 06:30:00,1746
2025-10-10 07:00:00,1870
2025-10-10 07:30:00,1795
2025-10-10 08:00:00,1584
2025-10-10 08:30:00,1592
2025-10-10 09:00:00,1761
2025-10-10 09:30:00,1789
2025-10-10 10:00:00,1788
2025-10-10 10:30:00,1791
2025-10-10 11:00:00,1788
2025-10-10 11:30:00,1845
2025-10-10 12:00:00,1968
2025-10-10 12:30:00,1968
2025-10-10 13:00:00,1969
2025-10-10 13:30:00,1971
2025-10-10 14:00:00,1971
2025-10-10 14:30:00,1964
2025-10-10 15:00:00,1907
2025-10-10 15:30:00,1889
2025-10-10 16:00:00,1904
2025-10-10 16:30:00,1910
2025-10-10 17:00:00,1896
2025-10-10 17:30:00,1897
2025-10-10 18:00:00,2039
2025-10-10 18:30:00,1902
2025-10-10 19:00:00,1733
2025-10-10 19:30:00,1883
2025-10-10 20:00:00,1906
2025-10-10 20:30:00,1910
2025-10-10 21:00:00,1913
2025-10-10 21:30:00,1912
2025-10-10 22:00:00,1943
2025-10-10 22:30:00,1958
2025-10-10 23:00:00,1962
2025-10-10 23:30:00,1944
2025-10-11 00:00:00,1938
2025-10-11 00:30:00,1938
2025-10-11 01:00:00,1935
2025-10-11 01:30:00,1936
2025-10-11 02:00:00,2066
2025-10-11 02:30:00,2130
2025-10-11 03:00:00,2136
2025-10-11 03:30:00,2156
2025-10-11 04:00:00,2322
2025-10-11 04:30:00,2323
2025-10-11 05:00:00,2335
2025-10-11 05:30:00,2336
2025-10-11 06:00:00,2325
2025-10-11 06:30:00,2311
2025-10-11 07:00:00,2207
2025-10-11 07:30:00,2181
2025-10-11 08:00:00,2162
2025-10-11 08:30:00,2076
2025-10-11 09:00:00,2064
2025-10-11 09:30:00,1975
2025-10-11 10:00:00,1980
2025-10-11 10:30:00,1982
2025-10-11 11:00:00,1982
2025-10-11 11:30:00,1981
2025-10-11 12:00:00,1900
2025-10-11 12:30:00,1841
2025-10-11 13:00:00,1796
2025-10-11 13:30:00,1633
2025-10-11 14:00:00,1546
2025-10-11 14:30:00,1432
2025-10-11 15:00:00,1337
2025-10-11 15:30:00,1165
2025-10-11 16:00:00,1143
2025-10-11 16:30:00,1141
2025-10-11 17:00:00,1127
2025-10-11 17:30:00,1052
2025-10-11 18:00:00,944
2025-10-11 18:30:00,944
2025-10-11 19:00:00,941
2025-10-11 19:30:00,850
2025-10-11 20:00:00,712
2025-10-11 20:30:00,665
2025-10-11 21:00:00,615
2025-10-11 21:30:00,597
2025-10-11 22:00:00,597
2025-10-11 22:30:00,976
2025-10-11 23:00:00,993
2025-10-11 23:30:00,982
2025-10-12 00:00:00,1167
2025-10-12 00:30:00,1388
2025-10-12 01:00:00,1388
2025-10-12 01:30:00,1372
2025-10-12 02:00:00,1356
2025-10-12 02:30:00,1441
2025-10-12 03:00:00,1710
2025-10-12 03:30:00,1627
2025-10-12 04:00:00,1592
2025-10-12 04:30:00,1592
2025-10-12 05:00:00,1801
2025-10-12 05:30:00,1990
2025-10-12 06:00:00,1990
2025-10-12 06:30:00,2117
2025-10-12 07:00:00,2388
2025-10-12 07:30:00,2388
2025-10-12 08:00:00,2446
2025-10-12 08:30:00,2782
2025-10-12 09:00:00,2762
2025-10-12 09:30:00,3064
2025-10-12 10:00:00,3176
2025-10-12 10:30:00,3098
2025-10-12 11:00:00,3356
2025-10-12 11:30:00,3383
2025-10-12 12:00:00,3555
2025-10-12 12:30:00,3614
2025-10-12 13:00:00,3717
2025-10-12 13:30:00,3968
2025-10-12 14:00:00,4031
2025-10-12 14:30:00,4375
2025-10-12 15:00:00,4545
2025-10-12 15:30:00,4770
2025-10-12 16:00:00,4868
2025-10-12 16:30:00,4975
2025-10-12 17:00:00,4975
2025-10-12 17:30:00,4943
2025-10-12 18:00:00,4973
2025-10-12 18:30:00,4975
2025-10-12 19:00:00,4944
2025-10-12 19:30:00,4972
2025-10-12 20:00:00,4958
2025-10-12 20:30:00,4964
2025-10-12 21:00:00,4975
2025-10-12 21:30:00,4957
2025-10-12 22:00:00,4951
2025-10-12 22:30:00,4974
2025-10-12 23:00:00,4930
2025-10-12 23:30:00,4975
2025-10-13 00:00:00,4942
2025-10-13 00:30:00,4953
2025-10-13 01:00:00,4957
2025-10-13 01:30:00,4969
2025-10-13 02:00:00,4939
2025-10-13 02:30:00,4968
2025-10-13 03:00:00,4947
2025-10-13 03:30:00,4970
2025-10-13 04:00:00,4956
2025-10-13 04:30:00,4939
2025-10-13 05:00:00,4959
2025-10-13 05:30:00,4957
2025-10-13 06:00:00,4942
2025-10-13 06:30:00,4927
2025-10-13 07:00:00,4586
2025-10-13 07:30:00,4304
2025-10-13 08:00:00,4285
2025-10-13 08:30:00,4137
2025-10-13 09:00:00,4195
2025-10-13 09:30:00,4141
2025-10-13 10:00:00,4155
2025-10-13 10:30:00,4162
2025-10-13 11:00:00,4083
2025-10-13 11:30:00,3828
2025-10-13 12:00:00,3737
2025-10-13 12:30:00,3628
2025-10-13 13:00:00,3598
2025-10-13 13:30:00,3381
2025-10-13 14:00:00,3184
2025-10-13 14:30:00,3180
2025-10-13 15:00:00,3082
2025-10-13 15:30:00,2815
2025-10-13 16:00:00,2783
2025-10-13 16:30:00,2609
2025-10-13 17:00:00,2393
2025-10-13 17:30:00,2315
2025-10-13 18:00:00,2252
2025-10-13 18:30:00,2252
2025-10-13 19:00:00,2243
2025-10-13 19:30:00,1879
2025-10-13 20:00:00,1584
2025-10-13 20:30:00,1380
2025-10-13 21:00:00,1195
2025-10-13 21:30:00,1111
2025-10-13 22:00:00,838
2025-10-13 22:30:00,780
2025-10-13 23:00:00,652
2025-10-13 23:30:00,501
2025-10-14 00:00:00,230
2025-10-14 00:30:00,91.5
2025-10-14 01:00:00,1.67
2025-10-14 01:30:00,
2025-10-14 02:00:00,
2025-10-14 02:30:00,
2025-10-14 03:00:00,
2025-10-14 03:30:00,
2025-10-14 04:00:00,
2025-10-14 04:30:00,
2025-10-14 05:00:00,
2025-10-14 05:30:00,
2025-10-14 06:00:00,
2025-10-14 06:30:00,
2025-10-14 07:00:00,
2025-10-14 07:30:00,
2025-10-14 08:00:00,
2025-10-14 08:30:00,
2025-10-14 09:00:00,
2025-10-14 09:30:00,
2025-10-14 10:00:00,
2025-10-14 10:30:00,
2025-10-14 11:00:00,
2025-10-14 11:30:00,
2025-10-14 12:00:00,
2025-10-14 12:30:00,
2025-10-14 13:00:00,
2025-10-14 13:30:00,
2025-10-14 14:00:00,
2025-10-14 14:30:00,
2025-10-14 15:00:00,
2025-10-14 15:30:00,
2025-10-14 16:00:00,
2025-10-14 16:30:00,
2025-10-14 17:00:00,
2025-10-14 17:30:00,
2025-10-14 18:00:00,
2025-10-14 18:30:00,
2025-10-14 19:00:00,
2025-10-14 19:30:00,
2025-10-14 20:00:00,
2025-10-14 20:30:00,
2025-10-14 21:00:00,
2025-10-14 21:30:00,
2025-10-14 22:00:00,
2025-10-14 22:30:00,
2025-10-14 23:00:00,
2025-10-14 23:30:00,
2025-10-15 00:00:00,
2025-10-15 00:30:00,
2025-10-15 01:00:00,
2025-10-15 01:30:00,
2025-10-15 02:00:00,
2025-10-15 02:30:00,
2025-10-15 03:00:00,
2025-10-15 03:30:00,
2025-10-15 04:00:00,
2025-10-15 04:30:00,
2025-10-15 05:00:00,
2025-10-15 05:30:00,
2025-10-15 06:00:00,
2025-10-15 06:30:00,
2025-10-15 07:00:00,
2025-10-15 07:30:00,
2025-10-15 08:00:00,
2025-10-15 08:30:00,
2025-10-15 09:00:00,
2025-10-15 09:30:00,
2025-10-15 10:00:00,
2025-10-15 10:30:00,
2025-10-15 11:00:00,
2025-10-15 11:30:00,
2025-10-15 12:00:00,
2025-10-15 12:30:00,
2025-10-15 13:00:00,
2025-10-15 13:30:00,

